{"format": "layers-model", "generatedBy": "keras v2.2.4-tf", "convertedBy": "TensorFlow.js Converter v1.3.2", "modelTopology": {"keras_version": "2.2.4-tf", "backend": "tensorflow", "model_config": {"class_name": "Sequential", "config": {"name": "sequential_1", "layers": [{"class_name": "Dense", "config": {"name": "dense_1", "trainable": true, "dtype": "float32", "units": 1568, "activation": "relu", "use_bias": true, "kernel_initializer": {"class_name": "GlorotUniform", "config": {"seed": null}}, "bias_initializer": {"class_name": "Zeros", "config": {}}, "kernel_regularizer": null, "bias_regularizer": null, "activity_regularizer": null, "kernel_constraint": null, "bias_constraint": null, "batch_input_shape": [null, 2]}}, {"class_name": "Reshape", "config": {"name": "reshape", "trainable": true, "dtype": "float32", "target_shape": [7, 7, 32]}}, {"class_name": "Conv2DTranspose", "config": {"name": "conv2d_transpose", "trainable": true, "dtype": "float32", "filters": 64, "kernel_size": [3, 3], "strides": [2, 2], "padding": "same", "data_format": "channels_last", "dilation_rate": [1, 1], "activation": "relu", "use_bias": true, "kernel_initializer": {"class_name": "GlorotUniform", "config": {"seed": null}}, "bias_initializer": {"class_name": "Zeros", "config": {}}, "kernel_regularizer": null, "bias_regularizer": null, "activity_regularizer": null, "kernel_constraint": null, "bias_constraint": null, "output_padding": null}}, {"class_name": "Conv2DTranspose", "config": {"name": "conv2d_transpose_1", "trainable": true, "dtype": "float32", "filters": 32, "kernel_size": [3, 3], "strides": [2, 2], "padding": "same", "data_format": "channels_last", "dilation_rate": [1, 1], "activation": "relu", "use_bias": true, "kernel_initializer": {"class_name": "GlorotUniform", "config": {"seed": null}}, "bias_initializer": {"class_name": "Zeros", "config": {}}, "kernel_regularizer": null, "bias_regularizer": null, "activity_regularizer": null, "kernel_constraint": null, "bias_constraint": null, "output_padding": null}}, {"class_name": "Conv2DTranspose", "config": {"name": "conv2d_transpose_2", "trainable": true, "dtype": "float32", "filters": 1, "kernel_size": [3, 3], "strides": [1, 1], "padding": "same", "data_format": "channels_last", "dilation_rate": [1, 1], "activation": "linear", "use_bias": true, "kernel_initializer": {"class_name": "GlorotUniform", "config": {"seed": null}}, "bias_initializer": {"class_name": "Zeros", "config": {}}, "kernel_regularizer": null, "bias_regularizer": null, "activity_regularizer": null, "kernel_constraint": null, "bias_constraint": null, "output_padding": null}}]}}}, "weightsManifest": [{"paths": ["group1-shard1of1.bin"], "weights": [{"name": "conv2d_transpose/kernel", "shape": [3, 3, 64, 32], "dtype": "float32"}, {"name": "conv2d_transpose/bias", "shape": [64], "dtype": "float32"}, {"name": "conv2d_transpose_1/kernel", "shape": [3, 3, 32, 64], "dtype": "float32"}, {"name": "conv2d_transpose_1/bias", "shape": [32], "dtype": "float32"}, {"name": "conv2d_transpose_2/kernel", "shape": [3, 3, 1, 32], "dtype": "float32"}, {"name": "conv2d_transpose_2/bias", "shape": [1], "dtype": "float32"}, {"name": "dense_1/kernel", "shape": [2, 1568], "dtype": "float32"}, {"name": "dense_1/bias", "shape": [1568], "dtype": "float32"}]}]}